{
  "board_width": 10,
  "board_height": 10,
  "n_in_row": 5,
  "action_features": [
    "win_now",
    "block_win",
    "own_line",
    "opp_line",
    "own_open",
    "opp_open",
    "own_four",
    "opp_four",
    "own_three",
    "opp_three",
    "nearby",
    "center"
  ],
  "value_features": [
    "own_best_line",
    "opp_best_line",
    "own_four_count",
    "opp_four_count",
    "own_three_count",
    "opp_three_count",
    "stone_diff",
    "center_control"
  ],
  "action_weights": [
    8.00049960083363,
    7.189237109898641,
    2.197729220517495,
    1.8088148130147197,
    0.9091658403511764,
    0.8328339752592485,
    4.835473949033516,
    4.413652754866839,
    2.243424769414206,
    1.9865732790073414,
    0.5148003507369889,
    1.1209799553510216
  ],
  "value_weights": [
    1.592821285257897,
    -1.405454739701089,
    2.819627224204316,
    -2.785253556688824,
    1.2312257222920024,
    -1.118077103713925,
    0.1989711416662407,
    0.3173531251538417
  ],
  "bias": 1.8152177977143708e-16,
  "value_bias": 0.15454621606681182,
  "note": "Lightweight self-play-trained Gomoku policy-value model."
}